Año,Medios N20,Unc N2O,Medios Sf6,Unc Sf6,Medios De Co2,Unc Co2,Medios Canal 4,Unc Ch4,Id_Año
2001,316.36,0.14,4.78,0.004,371.32,0.12,1771.24,0.53,d0fb963ff976f9c37fc81fe03c21ea7b
2002,316.94,0.12,4.98,0.003,373.45,0.12,1772.69,0.55,4ba29b9f9e5732ed33761840f4ba6c53
2003,317.63,0.12,5.23,0.002,375.98,0.12,1777.31,0.52,a591024321c5e2bdbd23ed35f0574dde
2004,318.26,0.12,5.45,0.002,377.7,0.12,1777.03,0.46,b8b4b727d6f5d1b61fff7be687f7970f
2005,318.91,0.1,5.67,0.002,379.98,0.12,1774.14,0.55,d47268e9db2e9aa3827bba3afb7ff94a
2006,319.82,0.13,5.91,0.002,382.09,0.12,1774.93,0.48,ea5a486c712a91e48443cd802642223d
2007,320.44,0.13,6.18,0.002,384.02,0.12,1781.39,0.6,a00e5eb0973d24649a4a920fc53d9564
2008,321.5,0.13,6.46,0.003,385.83,0.12,1787.0,0.61,ef8446f35513a8d6aa2308357a268a7e
2009,322.27,0.12,6.75,0.003,387.64,0.12,1793.54,0.65,f1981e4bd8a0d6d8462016d2fc6276b3
2010,323.19,0.12,7.04,0.003,390.1,0.12,1798.89,0.63,d7a84628c025d30f7b2c52c958767e76
2011,324.21,0.12,7.3,0.004,391.85,0.12,1803.11,0.6,c8758b517083196f05ac29810b924aca
2012,325.05,0.12,7.6,0.004,394.06,0.12,1808.03,0.5,253614bbac999b38b5b60cae531c4969
2013,325.94,0.12,7.91,0.003,396.74,0.12,1813.4,0.66,8038da89e49ac5eabb489cfc6cea9fc1
2014,327.08,0.12,8.25,0.004,398.81,0.12,1822.61,0.51,cee8d6b7ce52554fd70354e37bbf44a2
2015,328.17,0.12,8.58,0.004,401.01,0.12,1834.25,0.53,65d2ea03425887a717c435081cfc5dbb
2016,328.95,0.12,8.91,0.003,404.41,0.12,1843.12,0.55,95192c98732387165bf8e396c0f2dad2
2017,329.74,0.11,9.26,0.004,406.76,0.12,1849.67,0.59,8d8818c8e140c64c743113f563cf750f
2018,330.9,0.12,9.6,0.006,408.72,0.12,1857.31,0.86,84ddfb34126fc3a48ee38d7044e87276
2019,331.88,0.12,9.94,0.004,411.66,0.12,1866.59,0.62,ea6b2efbdd4255a9f1b3bbc6399b58f4
2020,333.03,0.13,10.27,0.004,414.24,0.12,1878.93,0.59,7b7a53e239400a13bd6be6c91c4f6c4e
2021,334.31,0.11,10.63,0.006,416.45,0.12,1895.32,0.61,05a5cf06982ba7892ed2a6d38fe832d6
1998,,,4.21,0.003,366.84,0.12,1765.54,0.58,c5b2cebf15b205503560c4e8e6d1ea78
1999,,,4.38,0.003,368.54,0.12,1772.39,0.54,5ec829debe54b19a5f78d9a65b900a39
2000,,,4.58,0.004,369.71,0.12,1773.37,0.63,08f90c1a417155361a5c4b8d297e0d78
1959,,,,,315.98,0.12,,,e4dd5528f7596dcdf871aa55cfccc53c
1960,,,,,316.91,0.12,,,7f16109f1619fd7a733daf5a84c708c1
1961,,,,,317.64,0.12,,,f106b7f99d2cb30c3db1c3cc0fde9ccb
1962,,,,,318.45,0.12,,,95f6870ff3dcd442254e334a9033d349
1963,,,,,318.99,0.12,,,c215b446bcdf956d848a8419c1b5a920
1964,,,,,319.62,0.12,,,39dcaf7a053dc372fbc391d4e6b5d693
1965,,,,,320.04,0.12,,,d46e1fcf4c07ce4a69ee07e4134bcef1
1966,,,,,321.37,0.12,,,3683af9d6f6c06acee72992f2977f67e
1967,,,,,322.18,0.12,,,a82d922b133be19c1171534e6594f754
1968,,,,,323.05,0.12,,,98c7242894844ecd6ec94af67ac8247d
1969,,,,,324.62,0.12,,,4d8556695c262ab91ff51a943fdd6058
1970,,,,,325.68,0.12,,,0004d0b59e19461ff126e3a08a814c33
1971,,,,,326.32,0.12,,,de73998802680548b916f1947ffbad76
1972,,,,,327.46,0.12,,,c4de8ced6214345614d33fb0b16a8acd
1973,,,,,329.68,0.12,,,deb54ffb41e085fd7f69a75b6359c989
1974,,,,,330.19,0.12,,,3d863b367aa379f71c7afc0c9cdca41d
1975,,,,,331.12,0.12,,,7d2b92b6726c241134dae6cd3fb8c182
1976,,,,,332.03,0.12,,,dd055f53a45702fe05e449c30ac80df9
1977,,,,,333.84,0.12,,,4afd521d77158e02aed37e2274b90c9c
1978,,,,,335.41,0.12,,,405e28906322882c5be9b4b27f4c35fd
1979,,,,,336.84,0.12,,,798cebccb32617ad94123450fd137104
1980,,,,,338.76,0.12,,,f80bf05527157a8c2a7bb63b22f49aaa
1981,,,,,340.12,0.12,,,b3b4d2dbedc99fe843fd3dedb02f086f
1982,,,,,341.48,0.12,,,fb87582825f9d28a8d42c5e5e5e8b23d
1983,,,,,343.15,0.12,,,1e4d36177d71bbb3558e43af9577d70e
1984,,,,,344.85,0.12,1644.69,0.68,1b36ea1c9b7a1c3ad668b8bb5df7963f
1985,,,,,346.35,0.12,1657.28,0.67,1f36c15d6a3d18d52e8d493bc8187cb9
1986,,,,,347.61,0.12,1670.08,0.82,8c249675aea6c3cbd91661bbae767ff1
1987,,,,,349.31,0.12,1682.71,0.48,d68a18275455ae3eaa2c291eebb46e6d
1988,,,,,351.69,0.12,1693.19,0.66,9d7311ba459f9e45ed746755a32dcd11
1989,,,,,353.2,0.12,1704.54,0.54,4a3e00961a08879c34f91ca0070ea2f5
1990,,,,,354.45,0.12,1714.42,0.69,dc513ea4fbdaa7a14786ffdebc4ef64e
1991,,,,,355.7,0.12,1724.84,0.72,96055f5b06bf9381ac43879351642cf5
1992,,,,,356.54,0.12,1735.51,0.6,d5c186983b52c4551ee00f72316c6eaa
1993,,,,,357.21,0.12,1736.49,0.44,c5a4e7e6882845ea7bb4d9462868219b
1994,,,,,358.96,0.12,1742.06,0.63,008bd5ad93b754d500338c253d9c1770
1995,,,,,360.97,0.12,1748.8,0.47,3f088ebeda03513be71d34d214291986
1996,,,,,362.74,0.12,1751.46,0.63,6351bf9dce654515bf1ddbd6426dfa97
1997,,,,,363.88,0.12,1754.54,0.36,06964dce9addb1c5cb5d6e3d9838f733
